{"cameraMode":{"drawMode":0,"name":"Shaded","section":"Shading Mode"},"sceneLighting":false,"audioPlay":false,"sceneViewState":{"showFog":true,"showMaterialUpdate":false,"showSkybox":true,"showFlares":true,"showImageEffects":true,"showParticleSystems":true},"in2DMode":false,"pivot":{"x":464.0155334472656,"y":200.4960174560547,"z":-446.64178466796877},"rotation":{"x":0.021254802122712137,"y":0.039884015917778018,"z":0.0010530382860451937,"w":-0.9990246295928955},"size":0.013769447803497315,"orthographic":false}