{"cameraMode":{"drawMode":0,"name":"Shaded","section":"Shading Mode"},"sceneLighting":false,"audioPlay":false,"sceneViewState":{"showFog":true,"showMaterialUpdate":false,"showSkybox":false,"showFlares":true,"showImageEffects":true,"showParticleSystems":true},"in2DMode":false,"pivot":{"x":10.65648365020752,"y":21.20316505432129,"z":0.07819908112287522},"rotation":{"x":-0.19351747632026673,"y":-0.3144128620624542,"z":0.0656903013586998,"w":-0.9270397424697876},"size":0.1456156075000763,"orthographic":false}