{"cameraMode":{"drawMode":0,"name":"Shaded","section":"Shading Mode"},"sceneLighting":false,"audioPlay":false,"sceneViewState":{"showFog":true,"showMaterialUpdate":false,"showSkybox":false,"showFlares":true,"showImageEffects":true,"showParticleSystems":true},"in2DMode":false,"pivot":{"x":-6.420989990234375,"y":2.3378231525421144,"z":-24.803586959838868},"rotation":{"x":0.00722494488582015,"y":-0.04349275678396225,"z":-0.000007159837423387216,"w":0.9990494847297669},"size":0.921268880367279,"orthographic":false}